{"processed_count": 100, "resume_index": 100, "failed_urls": [], "current_cost": 0.005249999999999992, "timestamp": 1755793754.383178}