{"processed": 160, "failed": 0, "total": 8000, "percent": 2.0, "processing_rate": 0.24474952487682006, "eta_seconds": 32032.748598575592, "timestamp": 1755794002.722476}