{
  "processed_count": 954,
  "failed_count": 201,
  "current_index": 8193,
  "current_cost": 0.9540000000000007,
  "timestamp": 1755832733.5075681
}