{"processed": 23, "failed": 0, "total": 8000, "percent": 0.2875, "processing_rate": 1.2553564767512955, "eta_seconds": 6354.370370274005, "timestamp": 1755822781.651636}