{
  "processed_count": 100,
  "failed_count": 19,
  "current_index": 7157,
  "current_cost": 0.10000000000000007,
  "timestamp": 1755823829.040815
}